timestamp (ms),GPS_Lon,Cal_Lon
931009.8220214844,35.1411461,35.1411641
931109.8220214844,35.1411804,35.1411797
931209.8220214844,35.1411804,35.1411978
931309.8220214844,35.1412498,35.1412131
931409.8220214844,35.1412498,35.1412313
931509.8220214844,35.1412498,35.1412495
931609.8220214844,35.1412847,35.1412654
931709.8220214844,35.1412847,35.1412836
931809.8220214844,35.1413199,35.1412996
931909.8220214844,35.1413199,35.1413179
932009.8220214844,35.1413199,35.1413362
932109.8220214844,35.1413553,35.1413523
932209.8220214844,35.1413553,35.1413707
932309.8220214844,35.1414262,35.1413868
932409.8220214844,35.1414262,35.1414052
932509.8220214844,35.1414262,35.1414236
932609.8220214844,35.1414619,35.1414399
932709.8220214844,35.1414619,35.1414584
932809.8220214844,35.1414977,35.1414748
932909.8220214844,35.1414977,35.1414932
933009.8220214844,35.1414977,35.1415116
933109.8220214844,35.1415335,35.1415279
933209.8220214844,35.1415335,35.1415463
933309.8220214844,35.1416055,35.1415626
933409.8220214844,35.1416055,35.141581
933509.8220214844,35.1416055,35.1415994
933609.8220214844,35.1416414,35.1416178
933709.8220214844,35.1416414,35.1416362
933809.8220214844,35.1416773,35.1416528
933909.8220214844,35.1416773,35.1416714
934009.8220214844,35.1416773,35.14169
934109.8220214844,35.1417134,35.1417067
934209.8220214844,35.1417134,35.1417253
934309.8220214844,35.1417856,35.1417421
934409.8220214844,35.1417856,35.1417607
934509.8220214844,35.1417856,35.1417793
934609.8220214844,35.1418217,35.1417962
934709.8220214844,35.1418217,35.1418148
934809.8220214844,35.1418579,35.1418317
934909.8220214844,35.1418579,35.1418503
935009.8220214844,35.1419664,35.1418677
935109.8220214844,35.1419664,35.1418861
935209.8220214844,35.1419664,35.1419045
935309.8220214844,35.1419664,35.1419229
935409.8220214844,35.1419664,35.1419413
935509.8220214844,35.1420385,35.1419582
935609.8220214844,35.1420385,35.1419766
935709.8220214844,35.1420385,35.141995
935809.8220214844,35.1420385,35.1420134
935909.8220214844,35.1420385,35.1420318
936009.8220214844,35.1420385,35.1420502
936109.8220214844,35.142147,35.1420672
936209.8220214844,35.142147,35.1420857
936309.8220214844,35.142147,35.1421042
936409.8220214844,35.142147,35.1421227
936509.8220214844,35.1422203,35.1421394
936609.8220214844,35.1422203,35.142158
936709.8220214844,35.1422203,35.1421766
936809.8220214844,35.1422203,35.1421952
936909.8220214844,35.1422203,35.1422138
937009.8220214844,35.1422203,35.1422324
937109.8220214844,35.1423313,35.1422493
937209.8220214844,35.1423313,35.142268
937309.8220214844,35.1423313,35.1422867
937409.8220214844,35.1423313,35.1423054
937509.8220214844,35.1423313,35.1423241
937609.8220214844,35.1424058,35.1423409
937709.8220214844,35.1424058,35.1423597
937809.8220214844,35.1424058,35.1423785
937909.8220214844,35.1424058,35.1423973
938009.8220214844,35.1424058,35.1424161
938109.8220214844,35.1425172,35.1424333
938209.8220214844,35.1425172,35.1424521
938309.8220214844,35.1425172,35.1424709
938409.8220214844,35.1425172,35.1424897
938509.8220214844,35.1425172,35.1425085
938609.8220214844,35.1426275,35.1425261
938709.8220214844,35.1426275,35.1425445
938809.8220214844,35.1426275,35.1425629
938909.8220214844,35.1426275,35.1425813
939009.8220214844,35.1426275,35.1425997
939109.8220214844,35.1427001,35.1426166
939209.8220214844,35.1427001,35.1426349
939309.8220214844,35.1427001,35.1426532
939409.8220214844,35.1427001,35.1426715
939509.8220214844,35.1427001,35.1426898
939609.8220214844,35.1428085,35.1427067
939709.8220214844,35.1428085,35.1427251
939809.8220214844,35.1428085,35.1427435
939909.8220214844,35.1428085,35.1427619
940009.8220214844,35.1428085,35.1427803
940109.8220214844,35.1428085,35.1427987
940209.8220214844,35.1428812,35.1428152
940309.8220214844,35.1428812,35.1428336
940409.8220214844,35.1428812,35.142852
940509.8220214844,35.1428812,35.1428704
940609.8220214844,35.1428812,35.1428888
940709.8220214844,35.1429907,35.1429051
940809.8220214844,35.1429907,35.1429236
940909.8220214844,35.1429907,35.1429421
941009.8220214844,35.1429907,35.1429606
941109.8220214844,35.1429907,35.1429791
941209.8220214844,35.1430637,35.1429951
941309.8220214844,35.1430637,35.1430136
941409.8220214844,35.1430637,35.1430321
941509.8220214844,35.1430637,35.1430506
941609.8220214844,35.1430637,35.1430691
941709.8220214844,35.1431731,35.1430852
941809.8220214844,35.1431731,35.1431039
941909.8220214844,35.1431731,35.1431226
942009.8220214844,35.1431731,35.1431413
942109.8220214844,35.1431731,35.14316
942209.8220214844,35.1432823,35.1431765
942309.8220214844,35.1432823,35.1431952
942409.8220214844,35.1432823,35.1432139
942509.8220214844,35.1432823,35.1432326
942609.8220214844,35.1432823,35.1432513
942709.8220214844,35.1433544,35.1432683
942809.8220214844,35.1433544,35.143287
942909.8220214844,35.1433544,35.1433057
943009.8220214844,35.1433544,35.1433244
943109.8220214844,35.1433544,35.1433431
943209.8220214844,35.1433544,35.1433618
943309.8220214844,35.1434621,35.1433787
943409.8220214844,35.1434621,35.1433971
943509.8220214844,35.1434621,35.1434155
943609.8220214844,35.1434621,35.1434339
943709.8220214844,35.1435334,35.1434502
943809.8220214844,35.1435334,35.1434687
943909.8220214844,35.1435334,35.1434872
944009.8220214844,35.1435334,35.1435057
944109.8220214844,35.1435334,35.1435242
944209.8220214844,35.1435334,35.1435427
944309.8220214844,35.1436397,35.143558
944409.8220214844,35.1436397,35.1435767
944509.8220214844,35.1436397,35.1435954
944609.8220214844,35.1436397,35.1436141
944709.8220214844,35.1437105,35.1436296
944809.8220214844,35.1437105,35.1436483
944909.8220214844,35.1437105,35.143667
945009.8220214844,35.1437105,35.1436857
945109.8220214844,35.1437105,35.1437044
945209.8220214844,35.1437105,35.1437231
945309.8220214844,35.1438178,35.143737
945409.8220214844,35.1438178,35.1437559
945509.8220214844,35.1438178,35.1437748
945609.8220214844,35.1438178,35.1437937
945709.8220214844,35.1438178,35.1438126
945809.8220214844,35.1438899,35.1438277
945909.8220214844,35.1438899,35.1438467
946009.8220214844,35.1438899,35.1438657
946109.8220214844,35.1438899,35.1438847
946209.8220214844,35.1438899,35.1439037
946309.8220214844,35.1439629,35.143919
946409.8220214844,35.1439629,35.1439381
946509.8220214844,35.1439629,35.1439572
946609.8220214844,35.1439996,35.1439733
946709.8220214844,35.1439996,35.1439925
946809.8220214844,35.1440364,35.1440088
946909.8220214844,35.1440364,35.144028
947009.8220214844,35.1440733,35.1440444
947109.8220214844,35.1440733,35.1440637
947209.8220214844,35.1440733,35.144083
947309.8220214844,35.1441471,35.1440986
947409.8220214844,35.1441471,35.1441179
947509.8220214844,35.144184,35.1441344
947609.8220214844,35.144184,35.1441537
947709.8220214844,35.144184,35.144173
947809.8220214844,35.1442209,35.1441896
947909.8220214844,35.1442209,35.144209
948009.8220214844,35.1442209,35.1442284
948109.8220214844,35.1442578,35.1442451
948209.8220214844,35.1442578,35.1442644
948309.8220214844,35.1443316,35.1442804
948409.8220214844,35.1443316,35.1442997
948509.8220214844,35.1443316,35.144319
948609.8220214844,35.1443684,35.1443357
948709.8220214844,35.1443684,35.1443549
948809.8220214844,35.1444052,35.1443716
948909.8220214844,35.1444052,35.1443908
949009.8220214844,35.1444052,35.14441
949109.8220214844,35.1444419,35.1444268
949209.8220214844,35.1444419,35.1444459
949309.8220214844,35.1445151,35.1444625
949409.8220214844,35.1445151,35.1444815
949509.8220214844,35.1445151,35.1445005
949609.8220214844,35.1445519,35.1445172
949709.8220214844,35.1445519,35.1445362
949809.8220214844,35.1445519,35.1445552
949909.8220214844,35.1445887,35.144572
950009.8220214844,35.1445887,35.144591
950109.8220214844,35.1446622,35.1446078
950209.8220214844,35.1446622,35.1446266
950309.8220214844,35.1446622,35.1446454
950409.8220214844,35.1446989,35.1446621
950509.8220214844,35.1447357,35.1446787
950609.8220214844,35.1447357,35.1446975
950709.8220214844,35.1447357,35.1447163
950809.8220214844,35.1447726,35.144733
950909.8220214844,35.1447726,35.1447518
951009.8220214844,35.1447726,35.1447706
951109.8220214844,35.1448461,35.1447873
951209.8220214844,35.1448461,35.144806
951309.8220214844,35.1448461,35.1448247
951409.8220214844,35.1448827,35.1448412
951509.8220214844,35.1448827,35.1448599
951609.8220214844,35.1449192,35.1448786
951709.8220214844,35.1449192,35.1448972
951809.8220214844,35.1449558,35.1449137
951909.8220214844,35.1449558,35.1449324
952009.8220214844,35.1449558,35.1449511
952109.8220214844,35.145029,35.1449676
952209.8220214844,35.145029,35.1449862
952309.8220214844,35.145029,35.1450048
952409.8220214844,35.1450656,35.1450234
952509.8220214844,35.1450656,35.1450421
952609.8220214844,35.1451023,35.1450586
952709.8220214844,35.1451023,35.1450772
952809.8220214844,35.1451023,35.1450958
952909.8220214844,35.145139,35.1451123
953009.8220214844,35.145139,35.145131
953109.8220214844,35.1452124,35.1451477
953209.8220214844,35.1452124,35.1451662
953309.8220214844,35.1452124,35.1451847
953409.8220214844,35.1452492,35.145201
953509.8220214844,35.1452492,35.1452196
953609.8220214844,35.1452862,35.1452382
953709.8220214844,35.1452862,35.1452568
953809.8220214844,35.1453232,35.1452754
953909.8220214844,35.1453232,35.145294
954009.8220214844,35.1453232,35.1453126
954109.8220214844,35.1453971,35.1453291
954209.8220214844,35.1453971,35.1453478
954309.8220214844,35.1453971,35.1453665
954409.8220214844,35.145434,35.145383
954509.8220214844,35.145434,35.1454018
954609.8220214844,35.145471,35.1454184
954709.8220214844,35.145471,35.1454372
954809.8220214844,35.145471,35.145456
954909.8220214844,35.1455079,35.1454726
955009.8220214844,35.1455079,35.1454914
955109.8220214844,35.1455817,35.145508
955209.8220214844,35.1455817,35.1455268
955309.8220214844,35.1455817,35.1455456
955409.8220214844,35.1456186,35.1455622
955509.8220214844,35.1456186,35.1455811
955609.8220214844,35.1456556,35.1455978
955709.8220214844,35.1456556,35.1456166
955809.8220214844,35.1456923,35.1456354
955909.8220214844,35.1456923,35.1456541
956009.8220214844,35.1456923,35.1456728
956109.8220214844,35.1457658,35.1456896
956209.8220214844,35.1457658,35.1457083
956309.8220214844,35.1457658,35.145727
956409.8220214844,35.1458025,35.1457437
956509.8220214844,35.1458025,35.1457624
956609.8220214844,35.1458391,35.1457792
956709.8220214844,35.1458391,35.145798
956809.8220214844,35.1458391,35.1458168
956909.8220214844,35.1458756,35.1458337
957009.8220214844,35.1458756,35.1458525
957109.8220214844,35.1458756,35.1458713
957209.8220214844,35.1459483,35.1458886
957309.8220214844,35.1459847,35.1459055
957409.8220214844,35.1459847,35.1459242
957509.8220214844,35.1459847,35.1459429
957609.8220214844,35.1459847,35.1459616
957709.8220214844,35.1460211,35.1459785
957809.8220214844,35.1460211,35.1459972
957909.8220214844,35.1460938,35.1460145
958009.8220214844,35.1460938,35.1460331
958109.8220214844,35.14613,35.14605
958209.8220214844,35.14613,35.1460686
958309.8220214844,35.14613,35.1460872
958409.8220214844,35.1461661,35.1461041
958509.8220214844,35.1461661,35.1461227
958609.8220214844,35.1462021,35.1461396
958709.8220214844,35.1462021,35.1461581
958809.8220214844,35.1462021,35.1461766
958909.8220214844,35.1462743,35.1461937
959009.8220214844,35.1462743,35.1462123
959109.8220214844,35.1462743,35.1462309
959209.8220214844,35.1463106,35.1462477
959309.8220214844,35.1463106,35.1462663
959409.8220214844,35.1463471,35.1462831
959509.8220214844,35.1463471,35.1463018
959609.8220214844,35.1463838,35.1463186
959709.8220214844,35.1463838,35.1463373
959809.8220214844,35.1463838,35.146356
959909.8220214844,35.1464574,35.1463729
960009.8220214844,35.1464574,35.1463918
960109.8220214844,35.1464574,35.1464107
960209.8220214844,35.1464943,35.1464276
960309.8220214844,35.1464943,35.1464464
960409.8220214844,35.1465312,35.1464633
960509.8220214844,35.1465312,35.1464822
960609.8220214844,35.1465312,35.1465011
960709.8220214844,35.1465681,35.1465181
960809.8220214844,35.1465681,35.146537
960909.8220214844,35.1466423,35.1465541
961009.8220214844,35.1466423,35.1465731
961109.8220214844,35.1466796,35.1465902
961209.8220214844,35.1466796,35.1466092
961309.8220214844,35.1466796,35.1466282
961409.8220214844,35.1467169,35.1466453
961509.8220214844,35.1467169,35.1466645
961609.8220214844,35.1467544,35.1466818
961709.8220214844,35.1467544,35.146701
961809.8220214844,35.1467544,35.1467202
961909.8220214844,35.146792,35.1467374
962009.8220214844,35.146792,35.146761
962109.8220214844,35.146792,35.1467846
962209.8220214844,35.146867,35.146806
962309.8220214844,35.146867,35.1468296
962409.8220214844,35.1469048,35.1468509
962509.8220214844,35.1469048,35.1468743
962609.8220214844,35.146943,35.1468954
962709.8220214844,35.146943,35.1469186
962809.8220214844,35.146943,35.1469418
962909.8220214844,35.1469816,35.1469627
963009.8220214844,35.1469816,35.1469857
963109.8220214844,35.1470603,35.1470065
963209.8220214844,35.1470603,35.1470291
963309.8220214844,35.1470603,35.1470517
963409.8220214844,35.1471004,35.1470718
963509.8220214844,35.1471411,35.1470917
963609.8220214844,35.1471411,35.147114
963709.8220214844,35.1471411,35.1471363
963809.8220214844,35.1471821,35.1471561
963909.8220214844,35.1471821,35.1471781
964009.8220214844,35.1471821,35.1472001
964109.8220214844,35.1471821,35.1472221
964209.8220214844,35.1472654,35.1472414
964309.8220214844,35.1472654,35.1472634
964409.8220214844,35.1473074,35.1472828
964509.8220214844,35.1473074,35.1473046
964609.8220214844,35.1473495,35.1473239
964709.8220214844,35.1473495,35.1473457
964809.8220214844,35.1473495,35.1473675
964909.8220214844,35.1473918,35.1473893
965009.8220214844,35.1473918,35.1474111
965109.8220214844,35.1474766,35.1474309
965209.8220214844,35.1474766,35.1474526
965309.8220214844,35.1474766,35.1474743
965409.8220214844,35.1475186,35.1474938
965509.8220214844,35.1475186,35.1475155
965609.8220214844,35.1475606,35.147535
965709.8220214844,35.1475606,35.1475567
965809.8220214844,35.1476023,35.1475784
965909.8220214844,35.1476023,35.1476001
966009.8220214844,35.1476023,35.1476218
966109.8220214844,35.1476023,35.1476435
966209.8220214844,35.1476854,35.147663
966309.8220214844,35.1476854,35.1476846
966409.8220214844,35.1477267,35.1477041
966509.8220214844,35.1477267,35.1477257
966609.8220214844,35.1477677,35.1477452
966709.8220214844,35.1477677,35.1477668
966809.8220214844,35.1477677,35.1477884
966909.8220214844,35.1478088,35.1478079
967009.8220214844,35.1478088,35.1478296
967109.8220214844,35.1478088,35.1478513
967209.8220214844,35.1478912,35.1478709
967309.8220214844,35.1478912,35.1478926
967409.8220214844,35.1479322,35.1479121
967509.8220214844,35.1479322,35.1479338
967609.8220214844,35.1479732,35.1479533
967709.8220214844,35.1479732,35.147975
967809.8220214844,35.1480141,35.1479945
967909.8220214844,35.1480141,35.1480162
968009.8220214844,35.1480141,35.1480379
968109.8220214844,35.1480141,35.1480596
968209.8220214844,35.1480956,35.1480792
968309.8220214844,35.1480956,35.1481009
968409.8220214844,35.1481363,35.1481204
968509.8220214844,35.1481363,35.148142
968609.8220214844,35.1481771,35.1481614
968709.8220214844,35.1481771,35.1481831
968809.8220214844,35.1481771,35.1482048
968909.8220214844,35.1482588,35.1482244
969009.8220214844,35.1482588,35.148246
969109.8220214844,35.1482588,35.1482676
969209.8220214844,35.1482996,35.1482871
969309.8220214844,35.1482996,35.1483088
969409.8220214844,35.1483407,35.1483282
969509.8220214844,35.1483407,35.14835
969609.8220214844,35.1483818,35.1483694
969709.8220214844,35.1483818,35.1483912
969809.8220214844,35.1483818,35.148413
969909.8220214844,35.1484643,35.148432
970009.8220214844,35.1484643,35.148454
970109.8220214844,35.1484643,35.148476
970209.8220214844,35.1485058,35.1484953
970309.8220214844,35.1485058,35.1485173
970409.8220214844,35.1485474,35.1485365
970509.8220214844,35.1485474,35.1485585
970609.8220214844,35.1485474,35.1485805
970709.8220214844,35.1485891,35.1485997
970809.8220214844,35.1485891,35.1486218
970909.8220214844,35.1486729,35.1486404
971009.8220214844,35.1486729,35.1486628
971109.8220214844,35.1486729,35.1486852
971209.8220214844,35.1487152,35.1487046
971309.8220214844,35.1487152,35.148727
971409.8220214844,35.1487575,35.1487465
971509.8220214844,35.1487575,35.1487689
971609.8220214844,35.1488,35.1487884
971709.8220214844,35.1488,35.1488109
971809.8220214844,35.1488,35.1488334
971909.8220214844,35.1488851,35.1488528
972009.8220214844,35.1488851,35.1488752
972109.8220214844,35.1488851,35.1488976
972209.8220214844,35.1489276,35.1489174
972309.8220214844,35.1489276,35.1489399
972409.8220214844,35.1489701,35.1489595
972509.8220214844,35.1489701,35.148982
972609.8220214844,35.1490125,35.1490015
972709.8220214844,35.1490125,35.1490239
972809.8220214844,35.1490125,35.1490463
972909.8220214844,35.1490971,35.1490657
973009.8220214844,35.1490971,35.149088
973109.8220214844,35.1490971,35.1491103
973209.8220214844,35.1491819,35.1491297
973309.8220214844,35.1491819,35.1491521
973409.8220214844,35.1491819,35.1491745
973509.8220214844,35.1491819,35.1491969
973609.8220214844,35.1493103,35.1492164
973709.8220214844,35.1493103,35.149239
973809.8220214844,35.1493103,35.1492616
973909.8220214844,35.1493103,35.1492842
974009.8220214844,35.1493103,35.1493068
974109.8220214844,35.1493103,35.1493294
974209.8220214844,35.1493961,35.1493493
974309.8220214844,35.1493961,35.1493719
974409.8220214844,35.1493961,35.1493945
974509.8220214844,35.1493961,35.1494171
974609.8220214844,35.1495259,35.1494372
974709.8220214844,35.1495259,35.14946
974809.8220214844,35.1495259,35.1494828
974909.8220214844,35.1495259,35.1495056
975009.8220214844,35.1495259,35.1495284
975109.8220214844,35.1496131,35.1495512
975209.8220214844,35.1496131,35.149574
975309.8220214844,35.1496131,35.1495968
975409.8220214844,35.1496131,35.1496196
975509.8220214844,35.1496131,35.1496424
975609.8220214844,35.1497437,35.1496628
975709.8220214844,35.1497437,35.1496856
975809.8220214844,35.1497437,35.1497084
975909.8220214844,35.1497437,35.1497312
976009.8220214844,35.1497437,35.149754
976109.8220214844,35.1497437,35.1497768
976209.8220214844,35.1498308,35.1497972
976309.8220214844,35.1498308,35.1498199
976409.8220214844,35.1498308,35.1498426
976509.8220214844,35.1498308,35.1498653
976609.8220214844,35.1498308,35.149888
976709.8220214844,35.1499178,35.1499085
976809.8220214844,35.1499178,35.1499313
976909.8220214844,35.1499615,35.1499516
977009.8220214844,35.1499615,35.1499744
977109.8220214844,35.1499615,35.1499972
977209.8220214844,35.1500052,35.1500176
977309.8220214844,35.1500052,35.1500405
977409.8220214844,35.150049,35.150061
977509.8220214844,35.150049,35.1500837
977609.8220214844,35.150049,35.1501064
977709.8220214844,35.1501365,35.1501268
977809.8220214844,35.1501365,35.1501496
977909.8220214844,35.1501365,35.1501724
978009.8220214844,35.1501802,35.1501927
978109.8220214844,35.1501802,35.1502155
978209.8220214844,35.1502238,35.1502358
978309.8220214844,35.1502238,35.1502585
978409.8220214844,35.1502238,35.1502812
978509.8220214844,35.1502674,35.1503015
978609.8220214844,35.1502674,35.1503242
978709.8220214844,35.1503545,35.1503445
978809.8220214844,35.1503545,35.1503672
978909.8220214844,35.1503545,35.1503899
979009.8220214844,35.150398,35.1504103
979109.8220214844,35.150398,35.1504329
979209.8220214844,35.1504413,35.1504532
979309.8220214844,35.1504413,35.1504757
979409.8220214844,35.1504413,35.1504982
979509.8220214844,35.1504846,35.1505184
979609.8220214844,35.1504846,35.150541
979709.8220214844,35.1505713,35.1505612
979809.8220214844,35.1505713,35.1505838
979909.8220214844,35.1506146,35.1506039
980009.8220214844,35.1506146,35.1506265
980109.8220214844,35.1506146,35.1506491
980209.8220214844,35.1506581,35.1506693
980309.8220214844,35.1506581,35.1506919
980409.8220214844,35.1507015,35.1507145
980509.8220214844,35.1507015,35.1507371
980609.8220214844,35.150745,35.1507597
980709.8220214844,35.150745,35.1507824
980809.8220214844,35.150745,35.1508051
980909.8220214844,35.150745,35.1508278
981009.8220214844,35.1508318,35.150848
981109.8220214844,35.1508318,35.1508705
981209.8220214844,35.150875,35.150893
981309.8220214844,35.150875,35.1509155
981409.8220214844,35.1509182,35.1509356
981509.8220214844,35.1509182,35.1509581
981609.8220214844,35.1509615,35.1509783
981709.8220214844,35.1509615,35.1510009
981809.8220214844,35.1509615,35.1510235
981909.8220214844,35.1510483,35.1510439
982009.8220214844,35.1510483,35.1510664
982109.8220214844,35.1510917,35.1510866
982209.8220214844,35.1510917,35.1511091
982309.8220214844,35.1510917,35.1511316
982409.8220214844,35.1511351,35.1511518
982509.8220214844,35.1511351,35.1511744
982609.8220214844,35.1511785,35.1511948
982709.8220214844,35.1511785,35.1512173
982809.8220214844,35.1511785,35.1512398
982909.8220214844,35.1512219,35.1512602
983009.8220214844,35.1512219,35.1512827
983109.8220214844,35.1513085,35.1513034
983209.8220214844,35.1513085,35.1513259
983309.8220214844,35.1513085,35.1513484
983409.8220214844,35.1513517,35.1513687
983509.8220214844,35.1513517,35.1513911
983609.8220214844,35.1513949,35.1514114
983709.8220214844,35.1513949,35.1514338
983809.8220214844,35.1513949,35.1514562
983909.8220214844,35.151438,35.1514764
984009.8220214844,35.151438,35.1514988
984109.8220214844,35.1515237,35.1515192
984209.8220214844,35.1515237,35.1515414
984309.8220214844,35.1515237,35.1515636
984409.8220214844,35.1515665,35.1515836
984509.8220214844,35.1515665,35.1516059
984609.8220214844,35.1516094,35.151626
984709.8220214844,35.1516094,35.1516482
984809.8220214844,35.1516094,35.1516704
984909.8220214844,35.1516522,35.1516904
985009.8220214844,35.1516522,35.1517126
985109.8220214844,35.1517376,35.1517327
985209.8220214844,35.1517376,35.1517548
985309.8220214844,35.1517376,35.1517769
985409.8220214844,35.1517804,35.1517969
985509.8220214844,35.1517804,35.1518191
985609.8220214844,35.1518231,35.1518391
985709.8220214844,35.1518231,35.1518613
985809.8220214844,35.1518231,35.1518835
985909.8220214844,35.1518659,35.1519035
986009.8220214844,35.1518659,35.1519256
986109.8220214844,35.1519511,35.1519451
986209.8220214844,35.1519511,35.1519672
986309.8220214844,35.1519511,35.1519893
986409.8220214844,35.1519938,35.1520089
986509.8220214844,35.1519938,35.1520311
986609.8220214844,35.1520365,35.1520506
986709.8220214844,35.1520365,35.1520727
986809.8220214844,35.1520365,35.1520948
986909.8220214844,35.1520792,35.1521143
987009.8220214844,35.1520792,35.1521365
987109.8220214844,35.1521643,35.152156
987209.8220214844,35.1521643,35.1521781
987309.8220214844,35.1521643,35.1522002
987409.8220214844,35.1522068,35.1522198
987509.8220214844,35.1522068,35.1522419
987609.8220214844,35.1522492,35.1522614
987709.8220214844,35.1522492,35.1522834
987809.8220214844,35.1522916,35.1523029
987909.8220214844,35.1522916,35.1523249
988009.8220214844,35.1522916,35.1523469
988109.8220214844,35.1523763,35.1523663
988209.8220214844,35.1523763,35.1523883
988309.8220214844,35.1523763,35.1524103
988409.8220214844,35.1524187,35.1524298
988509.8220214844,35.1524187,35.1524518
988609.8220214844,35.1524611,35.1524712
988709.8220214844,35.1524611,35.1524933
988809.8220214844,35.1525036,35.1525127
988909.8220214844,35.1525036,35.1525347
989009.8220214844,35.152546,35.152554
989109.8220214844,35.152546,35.1525761
989209.8220214844,35.152546,35.1525982
989309.8220214844,35.1526309,35.1526175
989409.8220214844,35.1526309,35.1526396
989509.8220214844,35.1526734,35.1526591
989609.8220214844,35.1526734,35.1526812
989709.8220214844,35.1526734,35.1527033
989809.8220214844,35.1527161,35.1527228
989909.8220214844,35.1527161,35.152745
990009.8220214844,35.1527587,35.1527646
990109.8220214844,35.1527587,35.1527867
990209.8220214844,35.1527587,35.1528088
990309.8220214844,35.1528443,35.1528282
990409.8220214844,35.1528443,35.1528505
990509.8220214844,35.1528872,35.1528703
990609.8220214844,35.1528872,35.1528925
990709.8220214844,35.1528872,35.1529147
990809.8220214844,35.15293,35.1529345
990909.8220214844,35.15293,35.1529567
991009.8220214844,35.1529727,35.1529789
991109.8220214844,35.1529727,35.1530011
991209.8220214844,35.1529727,35.1530233
991309.8220214844,35.1530583,35.1530455
991409.8220214844,35.1530583,35.1530677
991509.8220214844,35.153101,35.1530877
991609.8220214844,35.153101,35.1531099
991709.8220214844,35.153101,35.1531321
991809.8220214844,35.1531436,35.1531521
991909.8220214844,35.1531436,35.1531742
992009.8220214844,35.1531436,35.1531963
992109.8220214844,35.1531861,35.1532163
992209.8220214844,35.1531861,35.1532383
992309.8220214844,35.15327,35.1532583
992409.8220214844,35.15327,35.1532801
992509.8220214844,35.1533118,35.1532999
992609.8220214844,35.1533118,35.1533215
992709.8220214844,35.1533118,35.1533431
992809.8220214844,35.1533533,35.1533627
992909.8220214844,35.1533533,35.1533841
993009.8220214844,35.1533946,35.1534035
993109.8220214844,35.1533946,35.1534249
993209.8220214844,35.1533946,35.1534463
993309.8220214844,35.1534359,35.1534655
993409.8220214844,35.1534359,35.1534869
993509.8220214844,35.1535183,35.153506
993609.8220214844,35.1535183,35.1535274
993709.8220214844,35.1535183,35.1535488
993809.8220214844,35.1535596,35.1535678
993909.8220214844,35.1535596,35.1535892
994009.8220214844,35.1535596,35.1536106
994109.8220214844,35.1536009,35.1536295
994209.8220214844,35.1536009,35.153651
994309.8220214844,35.1536836,35.1536697
994409.8220214844,35.1536836,35.1536912
994509.8220214844,35.1536836,35.1537127
994609.8220214844,35.153725,35.1537315
994709.8220214844,35.153725,35.1537531
994809.8220214844,35.1537668,35.1537721
994909.8220214844,35.1537668,35.1537939
995009.8220214844,35.1538086,35.153813
995109.8220214844,35.1538086,35.1538347
995209.8220214844,35.1538086,35.1538564
995309.8220214844,35.1538924,35.1538747
995409.8220214844,35.1538924,35.1538966
995509.8220214844,35.1539344,35.1539158
995609.8220214844,35.1539344,35.1539376
995709.8220214844,35.1539344,35.1539594
995809.8220214844,35.1539764,35.1539785
995909.8220214844,35.1539764,35.1540004
996009.8220214844,35.1539764,35.1540223
996109.8220214844,35.1540184,35.1540415
996209.8220214844,35.1540604,35.1540608
996309.8220214844,35.1540604,35.1540826
996409.8220214844,35.1540604,35.1541045
996509.8220214844,35.1541443,35.1541236
996609.8220214844,35.1541443,35.1541454
996709.8220214844,35.1541863,35.1541647
996809.8220214844,35.1541863,35.1541865
996909.8220214844,35.1541863,35.1542083
997009.8220214844,35.1542281,35.1542278
997109.8220214844,35.1542281,35.1542496
997209.8220214844,35.1542281,35.1542714
997309.8220214844,35.1542699,35.1542908
997409.8220214844,35.1542699,35.1543126
997509.8220214844,35.1543535,35.1543319
997609.8220214844,35.1543535,35.1543536
997709.8220214844,35.1543952,35.1543729
997809.8220214844,35.1543952,35.1543946
997909.8220214844,35.1543952,35.1544163
998009.8220214844,35.1544371,35.1544354
998109.8220214844,35.1544371,35.1544572
998209.8220214844,35.1544792,35.1544766
998309.8220214844,35.1544792,35.1544984
998409.8220214844,35.1544792,35.1545202
998509.8220214844,35.1545633,35.154539
998609.8220214844,35.1545633,35.1545608
998709.8220214844,35.1546053,35.15458
998809.8220214844,35.1546053,35.1546019
998909.8220214844,35.1546053,35.1546238
999009.8220214844,35.1546474,35.154643
999109.8220214844,35.1546474,35.1546649
999209.8220214844,35.1546896,35.154684
999309.8220214844,35.1546896,35.1547059
999409.8220214844,35.1546896,35.1547278
999509.8220214844,35.1547319,35.154747
999609.8220214844,35.1547319,35.1547689
999709.8220214844,35.1548168,35.1547877
999809.8220214844,35.1548168,35.1548098
999909.8220214844,35.1548168,35.1548319
1000009.8220214844,35.1548595,35.1548514
1000109.8220214844,35.1548595,35.1548735
1000209.8220214844,35.1549023,35.154893
1000309.8220214844,35.1549023,35.1549151
1000409.8220214844,35.1549023,35.1549372
1000509.8220214844,35.154945,35.1549568
1000609.8220214844,35.154945,35.1549789
1000709.8220214844,35.1550309,35.1549981
1000809.8220214844,35.1550309,35.1550203
1000909.8220214844,35.1550309,35.1550425
1001009.8220214844,35.1550737,35.1550619
1001109.8220214844,35.1550737,35.1550841
1001209.8220214844,35.1551164,35.1551035
1001309.8220214844,35.1551164,35.1551257
1001409.8220214844,35.1551164,35.1551479
1001509.8220214844,35.1552019,35.1551673
1001609.8220214844,35.1552019,35.1551894
1001709.8220214844,35.1552445,35.155209
1001809.8220214844,35.1552445,35.155231
1001909.8220214844,35.1552445,35.155253
1002009.8220214844,35.155287,35.1552726
1002109.8220214844,35.155287,35.1552946
1002209.8220214844,35.155287,35.1553166
1002309.8220214844,35.1553295,35.1553364
1002409.8220214844,35.1553295,35.1553584
1002509.8220214844,35.1554138,35.1553784
1002609.8220214844,35.1554138,35.1554001
1002709.8220214844,35.1554138,35.1554218
1002809.8220214844,35.1554556,35.1554414
1002909.8220214844,35.1554556,35.155463
1003009.8220214844,35.1554556,35.1554846
1003109.8220214844,35.1554971,35.1555042
1003209.8220214844,35.1554971,35.1555257
1003309.8220214844,35.1555385,35.1555453
1003409.8220214844,35.1555385,35.1555667
1003509.8220214844,35.1556204,35.1555864
1003609.8220214844,35.1556204,35.1556076
1003709.8220214844,35.1556611,35.1556269
1003809.8220214844,35.1556611,35.1556479
1003909.8220214844,35.1556611,35.1556689
1004009.8220214844,35.1557016,35.1556883
1004109.8220214844,35.1557016,35.1557093
1004209.8220214844,35.1557421,35.1557287
1004309.8220214844,35.1557421,35.1557496
1004409.8220214844,35.1557421,35.1557705
1004509.8220214844,35.1558228,35.1557898
1004609.8220214844,35.1558228,35.1558107
1004709.8220214844,35.155863,35.1558298
1004809.8220214844,35.155863,35.1558506
1004909.8220214844,35.155863,35.1558714
1005009.8220214844,35.155903,35.1558904
1005109.8220214844,35.155903,35.1559112
1005209.8220214844,35.1559428,35.15593
1005309.8220214844,35.1559428,35.1559506
1005409.8220214844,35.1559428,35.1559712
1005509.8220214844,35.1559824,35.1559918
1005609.8220214844,35.1559824,35.1560123
1005709.8220214844,35.1560611,35.1560303
1005809.8220214844,35.1560611,35.1560508
1005909.8220214844,35.1560611,35.1560713
1006009.8220214844,35.1561004,35.1560894
1006109.8220214844,35.1561004,35.1561098
1006209.8220214844,35.1561396,35.156128
1006309.8220214844,35.1561396,35.1561484
1006409.8220214844,35.1561396,35.1561688
1006509.8220214844,35.1561788,35.156187
1006609.8220214844,35.1561788,35.1562073
1006709.8220214844,35.1562179,35.1562255
1006809.8220214844,35.1562179,35.1562458
1006909.8220214844,35.1562959,35.1562636
1007009.8220214844,35.1562959,35.156284
1007109.8220214844,35.1563351,35.1563044
1007209.8220214844,35.1563351,35.1563247
1007309.8220214844,35.1563351,35.156345
1007409.8220214844,35.1563741,35.1563653
1007509.8220214844,35.1563741,35.1563855
1007609.8220214844,35.1563741,35.1564057
1007709.8220214844,35.1564131,35.156424
1007809.8220214844,35.1564131,35.1564442
1007909.8220214844,35.1564908,35.1564632
1008009.8220214844,35.1564908,35.1564833
1008109.8220214844,35.1565295,35.1565019
1008209.8220214844,35.1565295,35.156522
1008309.8220214844,35.1565295,35.1565421
1008409.8220214844,35.1565681,35.1565607
1008509.8220214844,35.1565681,35.1565806
1008609.8220214844,35.1566063,35.1565992
1008709.8220214844,35.1566063,35.156619
1008809.8220214844,35.1566063,35.1566388
1008909.8220214844,35.1566822,35.1566579
1009009.8220214844,35.1566822,35.1566775
1009109.8220214844,35.1566822,35.1566971
1009209.8220214844,35.1567198,35.1567156
1009309.8220214844,35.1567198,35.156735
1009409.8220214844,35.1567198,35.1567544
1009509.8220214844,35.1567572,35.1567728
1009609.8220214844,35.1567945,35.1567913
1009709.8220214844,35.1567945,35.1568106
1009809.8220214844,35.1567945,35.1568299
1009909.8220214844,35.1568687,35.1568488
1010009.8220214844,35.1568687,35.1568681
1010109.8220214844,35.1568687,35.1568874
1010209.8220214844,35.1569057,35.1569056
1010309.8220214844,35.1569057,35.1569248
1010409.8220214844,35.1569425,35.1569429
1010509.8220214844,35.1569425,35.156962
1010609.8220214844,35.1569425,35.1569811
1010709.8220214844,35.1569793,35.1569992
1010809.8220214844,35.1569793,35.1570184
1010909.8220214844,35.157053,35.1570368
1011009.8220214844,35.157053,35.1570559
1011109.8220214844,35.157053,35.157075
1011209.8220214844,35.1571266,35.1570933
1011309.8220214844,35.1571266,35.1571124
1011409.8220214844,35.1571266,35.1571315
1011509.8220214844,35.1571266,35.1571506
1011609.8220214844,35.157237,35.1571692
1011709.8220214844,35.157237,35.1571709
1011809.8220214844,35.157237,35.1571726
1011909.8220214844,35.157237,35.1571743
1012009.8220214844,35.157237,35.157176
1012109.8220214844,35.157237,35.1571777
1012209.8220214844,35.1573104,35.1571793
1012309.8220214844,35.1573104,35.1571806
1012409.8220214844,35.1573104,35.1571819
1012509.8220214844,35.1573104,35.1571832
1012609.8220214844,35.1573104,35.1571845
1012709.8220214844,35.1574188,35.1571858
1012809.8220214844,35.1574188,35.1571872
1012909.8220214844,35.1574188,35.1571886
1013009.8220214844,35.1574188,35.15719
1013109.8220214844,35.1574188,35.1571914
1013209.8220214844,35.1574897,35.1571927
1013309.8220214844,35.1574897,35.1571937
1013409.8220214844,35.1574897,35.1571947
1013509.8220214844,35.1574897,35.1571957
1013609.8220214844,35.1574897,35.1571967
1013709.8220214844,35.1575901,35.1571976
1013809.8220214844,35.1575901,35.1571987
1013909.8220214844,35.1575901,35.1571998
1014009.8220214844,35.1575901,35.1572009
1014109.8220214844,35.1575901,35.157202
1014209.8220214844,35.1576791,35.157203
1014309.8220214844,35.1576791,35.1572042
1014409.8220214844,35.1576791,35.1572054
1014509.8220214844,35.1576791,35.1572066
1014609.8220214844,35.1576791,35.1572078
1014709.8220214844,35.1577301,35.1572089
1014809.8220214844,35.1577301,35.1572097
1014909.8220214844,35.1577301,35.1572105
1015009.8220214844,35.1577301,35.1572113
1015109.8220214844,35.1577301,35.1572121
1015209.8220214844,35.1577301,35.1572129
1015309.8220214844,35.1577919,35.1572137
1015409.8220214844,35.1577919,35.1572146
1015509.8220214844,35.1577919,35.1572155
1015609.8220214844,35.1577919,35.1572164
1015709.8220214844,35.1578231,35.1572172
1015809.8220214844,35.1578231,35.1572181
1015909.8220214844,35.1578231,35.157219
1016009.8220214844,35.1578231,35.1572199
1016109.8220214844,35.1578231,35.1572208
1016209.8220214844,35.1578231,35.1572217
1016309.8220214844,35.1578585,35.1572225
1016409.8220214844,35.1578585,35.1572234
1016509.8220214844,35.1578585,35.1572243
1016609.8220214844,35.1578585,35.1572252
1016709.8220214844,35.1578585,35.1572261
1016809.8220214844,35.1578585,35.157227
1016909.8220214844,35.1578755,35.1572278
1017009.8220214844,35.1578755,35.1572287
1017109.8220214844,35.1578755,35.1572296
1017209.8220214844,35.1578755,35.1572305
1017309.8220214844,35.1578919,35.1572313
1017409.8220214844,35.1578919,35.1572322
1017509.8220214844,35.1578919,35.1572331
1017609.8220214844,35.1578919,35.157234
1017709.8220214844,35.1578919,35.1572349
1017809.8220214844,35.1578919,35.1572358
1017909.8220214844,35.1578999,35.1572366
1018009.8220214844,35.1578999,35.1572375
1018109.8220214844,35.1578999,35.1572384
1018209.8220214844,35.1578999,35.1572393
1018309.8220214844,35.1578999,35.1572402
1018409.8220214844,35.1579019,35.157241
1018509.8220214844,35.1579019,35.1572419
1018609.8220214844,35.1579019,35.1572428
1018709.8220214844,35.1579019,35.1572437
1018809.8220214844,35.1578989,35.1572445
1018909.8220214844,35.1578989,35.1572454
1019009.8220214844,35.1578989,35.1572463
1019109.8220214844,35.1578989,35.1572472
1019209.8220214844,35.1578989,35.1572481
1019309.8220214844,35.1578989,35.157249
1019409.8220214844,35.157894,35.1572498
1019509.8220214844,35.157894,35.1572507
1019609.8220214844,35.157894,35.1572516
1019709.8220214844,35.157894,35.1572525
1019809.8220214844,35.157884,35.1572533
1019909.8220214844,35.157884,35.1572542
1020009.8220214844,35.157884,35.1572551
1020109.8220214844,35.157884,35.157256
1020209.8220214844,35.157884,35.1572569
1020309.8220214844,35.157884,35.1572578
1020409.8220214844,35.1578752,35.1572586
1020509.8220214844,35.1578752,35.1572595
1020609.8220214844,35.1578752,35.1572604
1020709.8220214844,35.1578752,35.1572613
1020809.8220214844,35.1578752,35.1572622
1020909.8220214844,35.1578612,35.157263
1021009.8220214844,35.1578612,35.1572639
1021109.8220214844,35.1578612,35.1572648
1021209.8220214844,35.1578612,35.1572657
1021309.8220214844,35.1578612,35.1572666
1021409.8220214844,35.1578566,35.1572674
1021509.8220214844,35.1578566,35.1572684
1021609.8220214844,35.1578517,35.1572692
1021709.8220214844,35.1578517,35.1572701
1021809.8220214844,35.1578517,35.157271
1021909.8220214844,35.1578465,35.1572718
1022009.8220214844,35.1578465,35.1572728
1022109.8220214844,35.1578465,35.1572738
1022209.8220214844,35.1578368,35.1572746
1022309.8220214844,35.1578368,35.1572756
1022409.8220214844,35.1578321,35.1572764
1022509.8220214844,35.1578321,35.1572774
1022609.8220214844,35.1578321,35.1572784
1022709.8220214844,35.1578273,35.1572792
1022809.8220214844,35.1578273,35.1572802
1022909.8220214844,35.1578225,35.157281
1023009.8220214844,35.1578225,35.157282
1023109.8220214844,35.1578133,35.1572828
1023209.8220214844,35.1578133,35.1572838
1023309.8220214844,35.1578133,35.1572848
1023409.8220214844,35.1578091,35.1572856
1023509.8220214844,35.1578091,35.1572866
1023609.8220214844,35.1578091,35.1572876
1023709.8220214844,35.1578053,35.1572884
1023809.8220214844,35.1578053,35.1572898
1023909.8220214844,35.157802,35.157291
1024009.8220214844,35.157802,35.1572924
1024109.8220214844,35.1577964,35.1572936
1024209.8220214844,35.1577964,35.157295
1024309.8220214844,35.1577964,35.1572964
1024409.8220214844,35.1577939,35.1572976
1024509.8220214844,35.1577939,35.157299
1024609.8220214844,35.1577918,35.1573002
1024709.8220214844,35.1577918,35.1573016
1024809.8220214844,35.1577898,35.1573028
1024909.8220214844,35.1577898,35.1573042
1025009.8220214844,35.1577898,35.1573056
1025109.8220214844,35.1577866,35.1573068
1025209.8220214844,35.1577866,35.1573082
1025309.8220214844,35.1577856,35.1573094
1025409.8220214844,35.1577856,35.1573108
1025509.8220214844,35.1577856,35.1573122
1025609.8220214844,35.1577849,35.1573134
1025709.8220214844,35.1577849,35.1573148
1025809.8220214844,35.1577849,35.1573162
1025909.8220214844,35.1577844,35.1573174
1026009.8220214844,35.1577844,35.1573188
1026109.8220214844,35.157784,35.15732
1026209.8220214844,35.157784,35.1573214
1026309.8220214844,35.157784,35.1573228
1026409.8220214844,35.1577839,35.157324
1026509.8220214844,35.1577839,35.1573254
1026609.8220214844,35.1577839,35.1573266
1026709.8220214844,35.1577839,35.157328
1026809.8220214844,35.157784,35.1573292
1026909.8220214844,35.157784,35.1573306
1027009.8220214844,35.157784,35.157332
1027109.8220214844,35.1577842,35.1573332
1027209.8220214844,35.1577842,35.1573346
1027309.8220214844,35.157785,35.1573357
1027409.8220214844,35.157785,35.1573371
1027509.8220214844,35.157785,35.1573385
1027609.8220214844,35.1577855,35.1573397
1027709.8220214844,35.1577855,35.1573411
1027809.8220214844,35.157786,35.1573423
1027909.8220214844,35.157786,35.1573437
1028009.8220214844,35.157786,35.1573451
1028109.8220214844,35.1577874,35.1573462
1028209.8220214844,35.1577874,35.1573476
1028309.8220214844,35.1577874,35.157349
1028409.8220214844,35.1577884,35.1573502
1028509.8220214844,35.1577884,35.1573516
1028609.8220214844,35.1577895,35.1573527
1028709.8220214844,35.1577895,35.1573541
1028809.8220214844,35.1577895,35.1573555
1028909.8220214844,35.1577908,35.1573567
1029009.8220214844,35.1577908,35.1573581
1029109.8220214844,35.1577932,35.1573592
1029209.8220214844,35.1577932,35.1573606
1029309.8220214844,35.1577932,35.157362
1029409.8220214844,35.1577944,35.1573632
1029509.8220214844,35.1577944,35.1573646
1029609.8220214844,35.1577954,35.1573658
1029709.8220214844,35.1577954,35.1573672
1029809.8220214844,35.1577954,35.1573686
1029909.8220214844,35.1577965,35.1573698
1030009.8220214844,35.1577992,35.1573709
1030109.8220214844,35.1577992,35.1573723
1030209.8220214844,35.1577992,35.1573737
1030309.8220214844,35.1577992,35.1573751
1030409.8220214844,35.1578006,35.1573763
1030509.8220214844,35.1578021,35.1573775
1030609.8220214844,35.1578021,35.1573789
1030709.8220214844,35.1578021,35.1573803
1030809.8220214844,35.1578034,35.1573815
1030909.8220214844,35.1578034,35.1573829
1031009.8220214844,35.1578034,35.1573843
1031109.8220214844,35.1578048,35.1573855
1031209.8220214844,35.1578048,35.1573869
1031309.8220214844,35.1578048,35.1573883
1031409.8220214844,35.1578082,35.1573894
1031509.8220214844,35.1578101,35.1573906
1031609.8220214844,35.1578101,35.1573919
1031709.8220214844,35.1578101,35.1573932
1031809.8220214844,35.1578123,35.1573944
1031909.8220214844,35.1578123,35.1573958
1032009.8220214844,35.1578123,35.1573972
1032109.8220214844,35.1578145,35.1573984
1032209.8220214844,35.1578145,35.1573997
1032309.8220214844,35.1578196,35.1574008
1032409.8220214844,35.1578196,35.1574021
1032509.8220214844,35.1578228,35.1574033
1032609.8220214844,35.1578228,35.1574046
1032709.8220214844,35.1578228,35.1574059
1032809.8220214844,35.1578263,35.1574071
1032909.8220214844,35.1578263,35.1574084
1033009.8220214844,35.1578263,35.1574097
1033109.8220214844,35.1578299,35.157411
1033209.8220214844,35.1578299,35.1574123
1033309.8220214844,35.1578374,35.1574135
1033409.8220214844,35.1578374,35.1574148
1033509.8220214844,35.1578409,35.1574161
1033609.8220214844,35.1578409,35.1574175
1033709.8220214844,35.1578409,35.1574189
1033809.8220214844,35.1578444,35.1574201
1033909.8220214844,35.1578444,35.1574215
1034009.8220214844,35.1578444,35.1574229
1034109.8220214844,35.1578479,35.1574241
1034209.8220214844,35.1578479,35.1574255
1034309.8220214844,35.157855,35.1574267
1034409.8220214844,35.157855,35.1574281
1034509.8220214844,35.157855,35.1574295
1034609.8220214844,35.1578584,35.1574307
1034709.8220214844,35.1578584,35.1574321
1034809.8220214844,35.1578615,35.1574333
1034909.8220214844,35.1578615,35.1574347
1035009.8220214844,35.1578615,35.1574361
1035109.8220214844,35.1578645,35.1574373
1035209.8220214844,35.1578645,35.1574387
1035309.8220214844,35.15787,35.15744
1035409.8220214844,35.15787,35.1574414
1035509.8220214844,35.1578727,35.1574426
1035609.8220214844,35.1578727,35.157444
1035709.8220214844,35.1578727,35.1574454
1035809.8220214844,35.1578751,35.1574466
1035909.8220214844,35.1578751,35.157448
1036009.8220214844,35.1578751,35.1574494
1036109.8220214844,35.1578773,35.1574506
1036209.8220214844,35.1578773,35.157452
1036309.8220214844,35.1578816,35.1574533
1036409.8220214844,35.1578816,35.1574547
1036509.8220214844,35.1578837,35.1574559
1036609.8220214844,35.1578837,35.1574573
1036709.8220214844,35.1578837,35.1574587
1036809.8220214844,35.1578858,35.1574599
1036909.8220214844,35.1578858,35.1574613
1037009.8220214844,35.1578858,35.1574627
1037109.8220214844,35.1578879,35.157464
1037209.8220214844,35.1578879,35.1574654
1037309.8220214844,35.1578918,35.1574667
1037409.8220214844,35.1578918,35.1574681
1037509.8220214844,35.1578918,35.1574695
1037609.8220214844,35.1578938,35.1574708
